run_id,pipeline,encoder,revision,max_length,tag_scheme,head,decoder,seed,best_epoch,micro_precision,micro_recall,micro_f1,macro_f1,org_f1,name_f1,geo_f1,eval_documents_per_second,peak_gpu_memory_gib,status,run_path
b00_official_s1-offsetfix-mlflow-r2,official_reference,distilbert/distilbert-base-multilingual-cased,45c032ab32cc946ad88a166f7cb282f58c753c2e,256,bio,softmax,greedy,42,2,0.7868197059582152,0.7925435177968303,0.7896712399689361,0.7901586530207734,0.7515286270150084,0.8009499136442141,0.8179974184030978,251.451928612952,0.0,complete,/home/danya/Рабочий стол/ИТМО/NER-Uzbek-Hack/runs/b00_official_s1-offsetfix-mlflow-r2
b01_reference_s1-offsetfix-mlflow-r2,uzner,distilbert/distilbert-base-multilingual-cased,45c032ab32cc946ad88a166f7cb282f58c753c2e,256,bio,softmax,greedy,42,5,0.805958843580356,0.8293063133281372,0.8174659069082527,0.8179728627697571,0.7781644989924895,0.8293625241468126,0.8463915651699692,328.6401381790212,2.549757957458496,complete,/home/danya/Рабочий стол/ИТМО/NER-Uzbek-Hack/runs/b01_reference_s1-offsetfix-mlflow-r2
e10_xlmr_base_bio_s1-offsetfix-mlflow-r2,uzner,FacebookAI/xlm-roberta-base,e73636d4f797dec63c3081bb6ed5c7b0bb3f2089,512,bio,softmax,greedy,42,5,0.8420256991685563,0.8682774746687452,0.8549501151189561,0.8558391100471597,0.8214090660841071,0.872254211985498,0.8738540520718738,294.83587308435784,5.237155914306641,complete,/home/danya/Рабочий стол/ИТМО/NER-Uzbek-Hack/runs/e10_xlmr_base_bio_s1-offsetfix-mlflow-r2
e11_mdeberta_v3_base_bio_s1-offsetfix-mlflow-r2,uzner,microsoft/mdeberta-v3-base,a0484667b22365f84929a935b5e50a51f71f159d,512,bio,softmax,greedy,42,5,0.8685374794589812,0.8925694985710574,0.8803895188673201,0.8815000939190866,0.84781405644715,0.90590248075278,0.8907837445573294,142.79052055356323,7.009801387786865,complete,/home/danya/Рабочий стол/ИТМО/NER-Uzbek-Hack/runs/e11_mdeberta_v3_base_bio_s1-offsetfix-mlflow-r2
e12_mmbert_base_bio_s1-offsetfix-mlflow-r2,uzner,jhu-clsp/mmBERT-base,c5955035435e2bf121cde7f3c8863ef52ff35d82,512,bio,softmax,greedy,42,5,0.8679974243399872,0.8755520914523253,0.8717583909978658,0.8728469659079187,0.8374164810690423,0.89556135770235,0.8855630589523636,178.09014223021038,6.104000091552734,complete,/home/danya/Рабочий стол/ИТМО/NER-Uzbek-Hack/runs/e12_mmbert_base_bio_s1-offsetfix-mlflow-r2
a20_xlmr_base_bio_constrained_s1-offsetfix-mlflow-r2,uzner,FacebookAI/xlm-roberta-base,e73636d4f797dec63c3081bb6ed5c7b0bb3f2089,512,bio,softmax,constrained,42,5,0.8628182051941373,0.8717848791893998,0.8672783665029724,0.8678774912262397,0.8364174685418209,0.8801872738880613,0.8870277312488368,160.11635584695205,5.230320930480957,complete,/home/danya/Рабочий стол/ИТМО/NER-Uzbek-Hack/runs/a20_xlmr_base_bio_constrained_s1-offsetfix-mlflow-r2
a21_xlmr_base_bioes_constrained_s1-offsetfix-mlflow-r2,uzner,FacebookAI/xlm-roberta-base,e73636d4f797dec63c3081bb6ed5c7b0bb3f2089,512,bioes,softmax,constrained,42,5,0.869766842715445,0.8771109379059496,0.8734234525580492,0.8739320533045304,0.8438081071030122,0.8858057630736392,0.8921822897369395,79.01590296005475,5.230429649353027,complete,/home/danya/Рабочий стол/ИТМО/NER-Uzbek-Hack/runs/a21_xlmr_base_bioes_constrained_s1-offsetfix-mlflow-r2
a22_xlmr_base_bio_crf_s1-offsetfix-mlflow-r2,uzner,FacebookAI/xlm-roberta-base,e73636d4f797dec63c3081bb6ed5c7b0bb3f2089,512,bio,crf,crf,42,5,0.865784741844336,0.8756819953234607,0.8707052441229657,0.8712088777177823,0.8491887905604719,0.8809931506849316,0.8834446919079436,60.77264482198708,5.230329513549805,complete,/home/danya/Рабочий стол/ИТМО/NER-Uzbek-Hack/runs/a22_xlmr_base_bio_crf_s1-offsetfix-mlflow-r2
a23_xlmr_base_bioes_crf_s1-offsetfix-mlflow-r2,uzner,FacebookAI/xlm-roberta-base,e73636d4f797dec63c3081bb6ed5c7b0bb3f2089,512,bioes,crf,crf,42,5,0.8727413526071244,0.8784099766173032,0.8755664897060728,0.8761905668099202,0.850489743115875,0.8883651167773731,0.8897168405365127,57.3903552031256,5.230440616607666,complete,/home/danya/Рабочий стол/ИТМО/NER-Uzbek-Hack/runs/a23_xlmr_base_bioes_crf_s1-offsetfix-mlflow-r2
s20_mdeberta_v3_base_bioes_constrained_s2-sequence-v1,uzner,microsoft/mdeberta-v3-base,a0484667b22365f84929a935b5e50a51f71f159d,512,bioes,softmax,constrained,42,5,0.890699166132136,0.9019225772928033,0.8962757374298069,0.8969147254575613,0.8666417631677249,0.9137120888509184,0.9103903243540407,62.057918130160054,7.035114288330078,complete,/home/danya/Рабочий стол/ИТМО/NER-Uzbek-Hack/runs/s20_mdeberta_v3_base_bioes_constrained_s2-sequence-v1
s21_mdeberta_v3_base_bioes_crf_s2-sequence-v1,uzner,microsoft/mdeberta-v3-base,a0484667b22365f84929a935b5e50a51f71f159d,512,bioes,crf,crf,42,5,0.8967257667917691,0.9001039230969083,0.8984116693679092,0.8993827588551042,0.8752327746741154,0.9197490806835388,0.9031664212076583,43.10151081215212,7.035686492919922,complete,/home/danya/Рабочий стол/ИТМО/NER-Uzbek-Hack/runs/s21_mdeberta_v3_base_bioes_crf_s2-sequence-v1
s22_xlmr_large_bioes_constrained_s2-sequence-a100-v2,uzner,FacebookAI/xlm-roberta-large,c23d21b0620b635a76227c604d44e43a9f0ee389,512,bioes,softmax,constrained,42,5,0.8986818299302145,0.9033515198752923,0.9010106245141227,0.9014081787037345,0.8787595740706147,0.9115063209770731,0.9139586410635154,46.254472016130826,10.980149269104004,complete,/home/danya/Рабочий стол/ИТМО/NER-Uzbek-Hack/runs/s22_xlmr_large_bioes_constrained_s2-sequence-a100-v2
s23_xlmr_large_bioes_crf_s2-sequence-a100-v2,uzner,FacebookAI/xlm-roberta-large,c23d21b0620b635a76227c604d44e43a9f0ee389,512,bioes,crf,crf,42,4,0.8910903745366228,0.9055598856845934,0.8982668642484377,0.898663056780396,0.8771733034212003,0.9100574101637252,0.9087584567562627,33.40483030024246,10.98015832901001,complete,/home/danya/Рабочий стол/ИТМО/NER-Uzbek-Hack/runs/s23_xlmr_large_bioes_crf_s2-sequence-a100-v2
s32_bge_m3_retromae_global_pointer_a100-continuation-v1,uzner,BAAI/bge-m3-retromae,95c4f81ef8f7911dcac8e384532489c32c8dea64,512,bio,global_pointer,span,42,5,0.9116138366434302,0.900363730839179,0.9059538592248874,0.9062947219680103,0.8818422046055115,0.9157145936624271,0.9213273676360925,33.967938598944976,11.213156700134277,complete,/home/danya/Рабочий стол/ИТМО/NER-Uzbek-Hack/runs/s32_bge_m3_retromae_global_pointer_a100-continuation-v1
s31_xlmr_large_global_pointer_a100-continuation-v1,uzner,FacebookAI/xlm-roberta-large,c23d21b0620b635a76227c604d44e43a9f0ee389,512,bio,global_pointer,span,42,5,0.9054231071522137,0.8978955572876072,0.9016436211844507,0.9020073048443221,0.8870324662996013,0.91228822646365,0.9067012217697149,32.20287264990558,11.125617027282715,complete,/home/danya/Рабочий стол/ИТМО/NER-Uzbek-Hack/runs/s31_xlmr_large_global_pointer_a100-continuation-v1
s33_bge_global_pointer_low_lr_a100-low-lr-v1,uzner,BAAI/bge-m3-retromae,95c4f81ef8f7911dcac8e384532489c32c8dea64,512,bio,global_pointer,span,42,1,0.9088891789583605,0.9045206547155106,0.9066996549254509,0.907044850034184,0.8853754940711462,0.9164882226980728,0.9192708333333333,30.47975664869192,11.213644981384277,complete,/home/danya/Рабочий стол/ИТМО/NER-Uzbek-Hack/runs/s33_bge_global_pointer_low_lr_a100-low-lr-v1
s40_bge_global_pointer_translit_converter_matched_s4-translit-matched-v1,uzner,BAAI/bge-m3-retromae,95c4f81ef8f7911dcac8e384532489c32c8dea64,512,bio,global_pointer,span,42,5,0.9075597336466902,0.9029618082618862,0.9052549326040243,0.9056659905666686,0.886161978478384,0.9168992913893064,0.9139367018323153,32.91082995864589,11.213156700134277,complete,/home/danya/Рабочий стол/ИТМО/NER-Uzbek-Hack/runs/s40_bge_global_pointer_translit_converter_matched_s4-translit-matched-v1
s41_bge_global_pointer_translit_luna_matched_s4-translit-matched-v1,uzner,BAAI/bge-m3-retromae,95c4f81ef8f7911dcac8e384532489c32c8dea64,512,bio,global_pointer,span,42,5,0.9084191079440486,0.8942582488958171,0.9012830583922492,0.9016701262111572,0.8827324478178369,0.9122426868905743,0.9100352439250603,34.84286801983408,11.213149070739746,complete,/home/danya/Рабочий стол/ИТМО/NER-Uzbek-Hack/runs/s41_bge_global_pointer_translit_luna_matched_s4-translit-matched-v1
s53_bge_gp_smooth_001_s5-research-v1,uzner,BAAI/bge-m3-retromae,95c4f81ef8f7911dcac8e384532489c32c8dea64,512,bio,global_pointer,span,42,5,0.9085285601474072,0.896726422447389,0.9025889121338911,0.9028991763683738,0.8823975720789073,0.9123334765792865,0.9139664804469274,35.318181253621866,11.265891075134277,complete,/home/danya/Рабочий стол/ИТМО/NER-Uzbek-Hack/runs/s53_bge_gp_smooth_001_s5-research-v1
s42_bge_gp_melm_s4-melm-v1,uzner,BAAI/bge-m3-retromae,95c4f81ef8f7911dcac8e384532489c32c8dea64,512,bio,global_pointer,span,42,5,0.906924990181961,0.8999740192257729,0.9034361348373215,0.9038051676680653,0.8808623298033283,0.9147519862572471,0.9158011869436202,115.458221715288,11.227512836456299,complete,/home/danya/Рабочий стол/ИТМО/NER-Uzbek-Hack/runs/s42_bge_gp_melm_s4-melm-v1
s54_bge_gp_smooth_005_s5-research-v1,uzner,BAAI/bge-m3-retromae,95c4f81ef8f7911dcac8e384532489c32c8dea64,512,bio,global_pointer,span,42,4,0.9109780439121756,0.8893219017926735,0.900019719976336,0.9003682606659956,0.8801376409864271,0.9111587982832619,0.9098083427282976,31.75173204477636,11.265883445739746,complete,/home/danya/Рабочий стол/ИТМО/NER-Uzbek-Hack/runs/s54_bge_gp_smooth_005_s5-research-v1
s61_bge_gp_head_lr_full-targeted-v1,uzner,BAAI/bge-m3-retromae,95c4f81ef8f7911dcac8e384532489c32c8dea64,512,bio,global_pointer,span,42,5,0.9116756614453073,0.8997142114835022,0.9056554429552142,0.9060548199507267,0.8850094876660342,0.9175102304544476,0.9156447417316983,28.81535222787562,11.213156700134277,complete,/home/danya/Рабочий стол/ИТМО/NER-Uzbek-Hack/runs/s61_bge_gp_head_lr_full-targeted-v1
s55_bge_gp_smooth_010_s5-research-v1,uzner,BAAI/bge-m3-retromae,95c4f81ef8f7911dcac8e384532489c32c8dea64,512,bio,global_pointer,span,42,5,0.9150213447171825,0.8910106521174331,0.9028563906805318,0.9030683694925478,0.888888888888889,0.9093292549705048,0.9109869646182495,31.419107989113918,11.265883445739746,complete,/home/danya/Рабочий стол/ИТМО/NER-Uzbek-Hack/runs/s55_bge_gp_smooth_010_s5-research-v1
s56_bge_gp_hard_negatives_s5-research-v1,uzner,BAAI/bge-m3-retromae,95c4f81ef8f7911dcac8e384532489c32c8dea64,512,bio,global_pointer,span,42,5,0.9104418726985797,0.8993244998700961,0.9048490393412626,0.905231540254649,0.8846593071945185,0.9170249355116079,0.9140103780578206,33.37902072099383,11.213150024414062,complete,/home/danya/Рабочий стол/ИТМО/NER-Uzbek-Hack/runs/s56_bge_gp_hard_negatives_s5-research-v1
s50_bge_gp_aux_bioes_crf_s5-research-v1,uzner,BAAI/bge-m3-retromae,95c4f81ef8f7911dcac8e384532489c32c8dea64,512,bio,global_pointer,span,42,4,0.9014447884416925,0.9077682514938945,0.9045954692556634,0.9052130879991577,0.8843283582089552,0.9198294243070363,0.9114814814814813,16.895381060542665,11.21330738067627,complete,/home/danya/Рабочий стол/ИТМО/NER-Uzbek-Hack/runs/s50_bge_gp_aux_bioes_crf_s5-research-v1
s51_bge_gp_aux_start_end_s5-research-v1,uzner,BAAI/bge-m3-retromae,95c4f81ef8f7911dcac8e384532489c32c8dea64,512,bio,global_pointer,span,42,5,0.9088524590163934,0.9002338269680437,0.9045226130653266,0.9048069524782362,0.8913332069030911,0.9129502572898799,0.9101373932417378,30.1317932232421,11.213220119476318,complete,/home/danya/Рабочий стол/ИТМО/NER-Uzbek-Hack/runs/s51_bge_gp_aux_start_end_s5-research-v1
s52_bge_gp_aux_both_s5-research-v1,uzner,BAAI/bge-m3-retromae,95c4f81ef8f7911dcac8e384532489c32c8dea64,512,bio,global_pointer,span,42,4,0.9005847953216374,0.9002338269680437,0.9004092769440655,0.9008267574905782,0.8799097913925953,0.9119590705606481,0.9106114105184909,24.841474916542,11.213377952575684,complete,/home/danya/Рабочий стол/ИТМО/NER-Uzbek-Hack/runs/s52_bge_gp_aux_both_s5-research-v1
s43_bge_gp_translit_converter_full_full-targeted-v1,uzner,BAAI/bge-m3-retromae,95c4f81ef8f7911dcac8e384532489c32c8dea64,512,bio,global_pointer,span,42,2,0.9036519036519036,0.9064692127825409,0.9050583657587549,0.9052643179038705,0.8829482528164981,0.9163162321278385,0.9165284687672747,31.282691330691158,11.214091777801514,complete,/home/danya/Рабочий стол/ИТМО/NER-Uzbek-Hack/runs/s43_bge_gp_translit_converter_full_full-targeted-v1
s44_bge_gp_translit_luna_full_full-targeted-v1,uzner,BAAI/bge-m3-retromae,95c4f81ef8f7911dcac8e384532489c32c8dea64,512,bio,global_pointer,span,42,5,0.910541459586712,0.9043907508443751,0.9074556830031283,0.9077938194317111,0.8865784499054821,0.917864036028308,0.918938972361343,32.54858549067232,11.231532573699951,complete,/home/danya/Рабочий стол/ИТМО/NER-Uzbek-Hack/runs/s44_bge_gp_translit_luna_full_full-targeted-v1
s60_mdeberta_gp_full-targeted-v1,uzner,microsoft/mdeberta-v3-base,a0484667b22365f84929a935b5e50a51f71f159d,512,bio,global_pointer,span,42,5,0.8993628916915876,0.898545076643284,0.8989537981675222,0.8999175317516533,0.8701054216867471,0.9235066609368284,0.9061405126313848,118.34720193743951,8.541891098022461,complete,/home/danya/Рабочий стол/ИТМО/NER-Uzbek-Hack/runs/s60_mdeberta_gp_full-targeted-v1
s45_bge_gp_external_silver_s4-silver-v1,uzner,BAAI/bge-m3-retromae,95c4f81ef8f7911dcac8e384532489c32c8dea64,512,bio,global_pointer,span,42,5,0.9103448275862069,0.9088074824629774,0.90957550542807,0.9099591074122112,0.8856060606060606,0.9225834046193327,0.9216878570112401,104.05425649845583,11.213156700134277,complete,/home/danya/Рабочий стол/ИТМО/NER-Uzbek-Hack/runs/s45_bge_gp_external_silver_s4-silver-v1
s46_bge_gp_silver_luna_s4-silver-v1,uzner,BAAI/bge-m3-retromae,95c4f81ef8f7911dcac8e384532489c32c8dea64,512,bio,global_pointer,span,42,5,0.9068646606747427,0.9043907508443751,0.9056260162601625,0.9059994479082573,0.8867460767630931,0.9169349645846748,0.9143173023770039,104.80007779759828,11.222480297088623,complete,/home/danya/Рабочий стол/ИТМО/NER-Uzbek-Hack/runs/s46_bge_gp_silver_luna_s4-silver-v1
s47_bge_gp_translit_sol_review_sol-review-v1,uzner,BAAI/bge-m3-retromae,95c4f81ef8f7911dcac8e384532489c32c8dea64,512,bio,global_pointer,span,42,5,0.912028488525455,0.8982852689010132,0.9051047120418848,0.9055292759743082,0.8847470521110689,0.9176928062216462,0.9141479695902096,28.020008834210174,11.213156700134277,complete,/home/danya/Рабочий стол/ИТМО/NER-Uzbek-Hack/runs/s47_bge_gp_translit_sol_review_sol-review-v1
s48_bge_gp_silver_interim_local-interim-v1,uzner,BAAI/bge-m3-retromae,95c4f81ef8f7911dcac8e384532489c32c8dea64,512,bio,global_pointer,span,42,5,0.9046695123528651,0.9085476747207066,0.9066044461727915,0.9069977596087614,0.8863249479856252,0.9193582887700534,0.9153100420706054,120.05469035705329,11.213621139526367,complete,/home/danya/Рабочий стол/ИТМО/NER-Uzbek-Hack/runs/s48_bge_gp_silver_interim_local-interim-v1
